[{"model": "productores.afiliado", "pk": 1, "fields": {"municipio": 560, "comunidad": 136, "nombre": "Rigoberto Montalvan Centeno", "cedula": "492-240180-0000F", "sexo": "Masculino", "fecha_nacimiento": "1980-01-24", "lugar_nacimiento": "Wiwil\u00ed", "foto": "", "anio_ingreso": 2016, "numero_celular": "58104286", "tipo_celular": "Claro", "edad": 37}}, {"model": "productores.afiliado", "pk": 2, "fields": {"municipio": 560, "comunidad": 136, "nombre": "Juan De Jes\u00fas Briones Cr\u00faz", "cedula": "492-281253-0000H", "sexo": "Masculino", "fecha_nacimiento": "1953-12-28", "lugar_nacimiento": "Wiwil\u00ed", "foto": "", "anio_ingreso": 200, "numero_celular": "888888", "tipo_celular": "Claro", "edad": 63}}, {"model": "productores.afiliado", "pk": 3, "fields": {"municipio": 560, "comunidad": 137, "nombre": "Catalina Calero Lanz", "cedula": null, "sexo": "Femenino", "fecha_nacimiento": "1978-05-01", "lugar_nacimiento": "Wiwil\u00ed", "foto": "", "anio_ingreso": 2000, "numero_celular": "8888888", "tipo_celular": "Claro", "edad": 39}}, {"model": "productores.afiliado", "pk": 4, "fields": {"municipio": 560, "comunidad": 137, "nombre": "Miriam del Carmen Olivas", "cedula": null, "sexo": "Femenino", "fecha_nacimiento": "1966-04-26", "lugar_nacimiento": "Telpaneca", "foto": "", "anio_ingreso": 2000, "numero_celular": "8888888", "tipo_celular": "Claro", "edad": 51}}, {"model": "productores.afiliado", "pk": 5, "fields": {"municipio": 560, "comunidad": 137, "nombre": "Martha Beatris Ar\u00e1uz Gonz\u00e1les", "cedula": null, "sexo": "Femenino", "fecha_nacimiento": "1935-06-14", "lugar_nacimiento": "Wiwil\u00ed", "foto": "", "anio_ingreso": 2000, "numero_celular": "75205546", "tipo_celular": "Movistar", "edad": 82}}, {"model": "productores.afiliado", "pk": 6, "fields": {"municipio": 550, "comunidad": 138, "nombre": "Eddy Noel Pozo Landero", "cedula": "485-110978-0002V", "sexo": "Masculino", "fecha_nacimiento": "1978-09-11", "lugar_nacimiento": "Ocotal", "foto": "", "anio_ingreso": 2000, "numero_celular": "58244371", "tipo_celular": "Claro", "edad": 38}}, {"model": "productores.afiliado", "pk": 7, "fields": {"municipio": 550, "comunidad": 138, "nombre": "Wilman Ram\u00f3n Aguirre Bustillo", "cedula": "485-281080-0000E", "sexo": "Masculino", "fecha_nacimiento": "1980-10-28", "lugar_nacimiento": "Apali Viejo", "foto": "", "anio_ingreso": 2000, "numero_celular": "82349161", "tipo_celular": "Claro", "edad": 36}}, {"model": "productores.afiliado", "pk": 8, "fields": {"municipio": 550, "comunidad": 138, "nombre": "Gustavo Rivas Centeno", "cedula": "163-120980-0002M", "sexo": "Masculino", "fecha_nacimiento": "1980-09-12", "lugar_nacimiento": "Condega Esteli", "foto": "", "anio_ingreso": 2000, "numero_celular": "82136855", "tipo_celular": "Claro", "edad": 36}}, {"model": "productores.afiliado", "pk": 9, "fields": {"municipio": 550, "comunidad": 138, "nombre": "Rufina del Socorro Joya Guti\u00e9rrez", "cedula": "325-071166-0000E", "sexo": "Femenino", "fecha_nacimiento": "1966-11-07", "lugar_nacimiento": "Yalaguina Madriz", "foto": "", "anio_ingreso": 2000, "numero_celular": "8888888", "tipo_celular": "Claro", "edad": 50}}, {"model": "productores.afiliado", "pk": 10, "fields": {"municipio": 550, "comunidad": 138, "nombre": "Juliana Perez Davila", "cedula": "485-090167-0000W", "sexo": "Femenino", "fecha_nacimiento": "1967-01-09", "lugar_nacimiento": "Apali Viejo", "foto": "", "anio_ingreso": 2006, "numero_celular": "8888888", "tipo_celular": "Claro", "edad": 50}}, {"model": "productores.encuesta", "pk": 1, "fields": {"afiliado": 1, "fecha_encuesta": "2017-08-25", "anio": 2017, "usuario": 1}}, {"model": "productores.encuesta", "pk": 2, "fields": {"afiliado": 2, "fecha_encuesta": "2017-08-25", "anio": 2017, "usuario": 1}}, {"model": "productores.encuesta", "pk": 3, "fields": {"afiliado": 3, "fecha_encuesta": "2017-08-25", "anio": 2017, "usuario": 1}}, {"model": "productores.encuesta", "pk": 4, "fields": {"afiliado": 4, "fecha_encuesta": "2017-08-25", "anio": 2017, "usuario": 1}}, {"model": "productores.datosgenerales", "pk": 1, "fields": {"encuesta": 1, "acceso_internet": "Si", "estado_civil": "Casado(a)"}}, {"model": "productores.datosgenerales", "pk": 2, "fields": {"encuesta": 2, "acceso_internet": "No", "estado_civil": "Casado(a)"}}, {"model": "productores.datosgenerales", "pk": 3, "fields": {"encuesta": 3, "acceso_internet": "Si", "estado_civil": "Casado(a)"}}, {"model": "productores.datosgenerales", "pk": 4, "fields": {"encuesta": 4, "acceso_internet": "No", "estado_civil": "Casado(a)"}}, {"model": "productores.escolaridad", "pk": 1, "fields": {"encuesta": 1, "escolaridad": "Primaria", "respuesta": "Si"}}, {"model": "productores.escolaridad", "pk": 2, "fields": {"encuesta": 2, "escolaridad": "Lee y Escribe", "respuesta": "No"}}, {"model": "productores.escolaridad", "pk": 3, "fields": {"encuesta": 3, "escolaridad": "Lee y Escribe", "respuesta": "Si"}}, {"model": "productores.escolaridad", "pk": 4, "fields": {"encuesta": 4, "escolaridad": "Lee y Escribe", "respuesta": "Si"}}, {"model": "productores.personasdependen", "pk": 1, "fields": {"encuesta": 1, "opcion": "Ni\u00f1as menores de 12 a\u00f1os", "cantidad": 1}}, {"model": "productores.personasdependen", "pk": 2, "fields": {"encuesta": 1, "opcion": "Adultos: Mujeres", "cantidad": 1}}, {"model": "productores.personasdependen", "pk": 3, "fields": {"encuesta": 2, "opcion": "Ni\u00f1os menores de 12 a\u00f1os", "cantidad": 2}}, {"model": "productores.personasdependen", "pk": 4, "fields": {"encuesta": 2, "opcion": "Adultos: Hombres", "cantidad": 1}}, {"model": "productores.personasdependen", "pk": 5, "fields": {"encuesta": 3, "opcion": "Ni\u00f1os menores de 12 a\u00f1os", "cantidad": 2}}, {"model": "productores.personasdependen", "pk": 6, "fields": {"encuesta": 3, "opcion": "Adultos: Mujeres", "cantidad": 2}}, {"model": "productores.personasdependen", "pk": 7, "fields": {"encuesta": 4, "opcion": "Ni\u00f1os menores de 12 a\u00f1os", "cantidad": 1}}, {"model": "productores.personasdependen", "pk": 8, "fields": {"encuesta": 1, "opcion": "Adultos: Mujeres", "cantidad": 1}}, {"model": "productores.datosfamiliares", "pk": 1, "fields": {"encuesta": 1, "nombres": "Amelia De Jes\u00fas Montalvan Garmendia", "sexo": "Femenino", "fecha_nacimiento": "2000-08-30", "escolaridad": "universidad", "parentesco": "Hija", "edad": 17}}, {"model": "productores.datosfamiliares", "pk": 2, "fields": {"encuesta": 1, "nombres": "Manuel Montalvan Garmendia", "sexo": "Masculino", "fecha_nacimiento": "1990-08-30", "escolaridad": "Quito secundaria", "parentesco": "Hijo", "edad": 27}}, {"model": "productores.datosfamiliares", "pk": 3, "fields": {"encuesta": 1, "nombres": "Petrona De Jes\u00fas Garmendia Peralta", "sexo": "Femenino", "fecha_nacimiento": "1987-08-30", "escolaridad": "Sexto Primaria", "parentesco": "Esposa", "edad": 30}}, {"model": "productores.datosfamiliares", "pk": 4, "fields": {"encuesta": 1, "nombres": "Irma Victoria Montalvan Garmendia", "sexo": "Femenino", "fecha_nacimiento": "2015-08-30", "escolaridad": "Ninguno", "parentesco": "Hija", "edad": 2}}, {"model": "productores.familiaemigra", "pk": 1, "fields": {"encuesta": 1, "hombres": 1, "mujeres": 0, "donde_emigran": "Internacional", "tiempo": "> 12 meses", "meses": "Febrero"}}, {"model": "productores.familiaemigra", "pk": 2, "fields": {"encuesta": 2, "hombres": 0, "mujeres": 2, "donde_emigran": "Internacional", "tiempo": "> 12 meses", "meses": "Febrero"}}, {"model": "productores.areasfinca", "pk": 1, "fields": {"encuesta": 1, "areas": 3, "mz": 2.0}}, {"model": "productores.areasfinca", "pk": 2, "fields": {"encuesta": 1, "areas": 4, "mz": 6.0}}, {"model": "productores.areasfinca", "pk": 3, "fields": {"encuesta": 3, "areas": 2, "mz": 2.0}}, {"model": "productores.areasfinca", "pk": 4, "fields": {"encuesta": 4, "areas": 2, "mz": 2.5}}, {"model": "productores.areasfinca", "pk": 5, "fields": {"encuesta": 4, "areas": 4, "mz": 1.5}}, {"model": "productores.otrastierras", "pk": 1, "fields": {"encuesta": 2, "areas": 2, "mz": 1.0}}, {"model": "productores.otrastierras", "pk": 2, "fields": {"encuesta": 2, "areas": 4, "mz": 1.0}}, {"model": "productores.origenpropiedad", "pk": 1, "fields": {"encuesta": 1, "opcion": 2}}, {"model": "productores.origenpropiedad", "pk": 2, "fields": {"encuesta": 2, "opcion": 1}}, {"model": "productores.origenpropiedad", "pk": 3, "fields": {"encuesta": 3, "opcion": 1}}, {"model": "productores.origenpropiedad", "pk": 4, "fields": {"encuesta": 4, "opcion": 1}}, {"model": "productores.formatenencia", "pk": 1, "fields": {"encuesta": 1, "legalizada": "Si"}}, {"model": "productores.formatenencia", "pk": 2, "fields": {"encuesta": 2, "legalizada": "Si"}}, {"model": "productores.formatenencia", "pk": 3, "fields": {"encuesta": 3, "legalizada": "Si"}}, {"model": "productores.formatenencia", "pk": 4, "fields": {"encuesta": 4, "legalizada": "Si"}}, {"model": "productores.documentopropiedad", "pk": 1, "fields": {"encuesta": 1, "documento": 4}}, {"model": "productores.documentopropiedad", "pk": 2, "fields": {"encuesta": 2, "documento": 5}}, {"model": "productores.documentopropiedad", "pk": 3, "fields": {"encuesta": 3, "documento": 4}}, {"model": "productores.documentopropiedad", "pk": 4, "fields": {"encuesta": 4, "documento": 5}}, {"model": "productores.sistemaagua", "pk": 1, "fields": {"encuesta": 1, "sistema": [5]}}, {"model": "productores.sistemaagua", "pk": 2, "fields": {"encuesta": 2, "sistema": [5]}}, {"model": "productores.sistemaagua", "pk": 3, "fields": {"encuesta": 3, "sistema": [4]}}, {"model": "productores.sistemaagua", "pk": 4, "fields": {"encuesta": 4, "sistema": [4]}}, {"model": "productores.energiaelectrica", "pk": 1, "fields": {"encuesta": 1, "respuesta": "Si"}}, {"model": "productores.energiaelectrica", "pk": 2, "fields": {"encuesta": 2, "respuesta": "Si"}}, {"model": "productores.energiaelectrica", "pk": 3, "fields": {"encuesta": 3, "respuesta": "Si"}}, {"model": "productores.energiaelectrica", "pk": 4, "fields": {"encuesta": 4, "respuesta": "Si"}}, {"model": "productores.inventarioanimales", "pk": 1, "fields": {"encuesta": 1, "animal": 1, "cantidad": 20, "cuanto_vende": 0}}, {"model": "productores.inventarioanimales", "pk": 2, "fields": {"encuesta": 3, "animal": 1, "cantidad": 20, "cuanto_vende": 0}}, {"model": "productores.inventarioanimales", "pk": 3, "fields": {"encuesta": 4, "animal": 4, "cantidad": 1, "cuanto_vende": 0}}, {"model": "productores.inventarioanimales", "pk": 4, "fields": {"encuesta": 4, "animal": 11, "cantidad": 3, "cuanto_vende": 0}}, {"model": "productores.inventarioanimales", "pk": 5, "fields": {"encuesta": 4, "animal": 1, "cantidad": 10, "cuanto_vende": 0}}, {"model": "productores.produccionhuevosleche", "pk": 1, "fields": {"encuesta": 1, "tipo_produccion": "Producci\u00f3n de huevos por mes", "cantidad": 300.0, "cuanto_vende": 250.0, "quien_vende": "Mercado local"}}, {"model": "productores.produccionhuevosleche", "pk": 2, "fields": {"encuesta": 3, "tipo_produccion": "Producci\u00f3n de huevos por mes", "cantidad": 300.0, "cuanto_vende": 250.0, "quien_vende": "Mercado local"}}, {"model": "productores.produccionhuevosleche", "pk": 3, "fields": {"encuesta": 4, "tipo_produccion": "Producci\u00f3n de huevos por mes", "cantidad": 60.0, "cuanto_vende": 0.0, "quien_vende": "Mercado local"}}, {"model": "productores.agricultura", "pk": 1, "fields": {"encuesta": 1, "rubro": 6, "area_sembrada": 6.0, "produccion_total": 140.0, "semillas": 0.6, "consumo_humano": 2.0, "consumo_animal": 0.0, "venta": 137.4, "costo_produccion": 0.0, "ingresos_produccion": 0.0, "ganancia_perdida": 0.0, "tipo": "Otros"}}, {"model": "productores.agricultura", "pk": 2, "fields": {"encuesta": 2, "rubro": 1, "area_sembrada": 1.0, "produccion_total": 8.0, "semillas": 1.0, "consumo_humano": 7.0, "consumo_animal": 0.0, "venta": 0.0, "costo_produccion": 2000.0, "ingresos_produccion": 0.0, "ganancia_perdida": 0.0, "tipo": "Cultivo de primera"}}, {"model": "productores.agricultura", "pk": 3, "fields": {"encuesta": 2, "rubro": 2, "area_sembrada": 1.0, "produccion_total": 14.0, "semillas": 1.0, "consumo_humano": 10.0, "consumo_animal": 0.0, "venta": 3.0, "costo_produccion": 5000.0, "ingresos_produccion": 0.0, "ganancia_perdida": 0.0, "tipo": "Cultivo de primera"}}, {"model": "productores.agricultura", "pk": 4, "fields": {"encuesta": 2, "rubro": 5, "area_sembrada": 1.0, "produccion_total": 8.0, "semillas": 0.5, "consumo_humano": 2.0, "consumo_animal": 0.0, "venta": 5.5, "costo_produccion": 8000.0, "ingresos_produccion": 0.0, "ganancia_perdida": 0.0, "tipo": "Otros"}}, {"model": "productores.agricultura", "pk": 5, "fields": {"encuesta": 3, "rubro": 1, "area_sembrada": 2.0, "produccion_total": 30.0, "semillas": 2.0, "consumo_humano": 6.0, "consumo_animal": 0.0, "venta": 22.0, "costo_produccion": 10000.0, "ingresos_produccion": 6800.0, "ganancia_perdida": 0.0, "tipo": "Cultivo de primera"}}, {"model": "productores.agricultura", "pk": 6, "fields": {"encuesta": 3, "rubro": 1, "area_sembrada": 2.0, "produccion_total": 20.0, "semillas": 2.0, "consumo_humano": 6.0, "consumo_animal": 0.0, "venta": 12.0, "costo_produccion": 10000.0, "ingresos_produccion": 8400.0, "ganancia_perdida": 0.0, "tipo": "Cultivo de postrera"}}, {"model": "productores.agricultura", "pk": 7, "fields": {"encuesta": 4, "rubro": 1, "area_sembrada": 1.0, "produccion_total": 20.0, "semillas": 1.0, "consumo_humano": 2.0, "consumo_animal": 0.0, "venta": 17.0, "costo_produccion": 4000.0, "ingresos_produccion": 0.0, "ganancia_perdida": 0.0, "tipo": "Cultivo de primera"}}, {"model": "productores.agricultura", "pk": 8, "fields": {"encuesta": 4, "rubro": 1, "area_sembrada": 1.5, "produccion_total": 15.0, "semillas": 1.0, "consumo_humano": 3.0, "consumo_animal": 0.0, "venta": 11.0, "costo_produccion": 1500.0, "ingresos_produccion": 0.0, "ganancia_perdida": 0.0, "tipo": "Cultivo de postrera"}}, {"model": "productores.agricultura", "pk": 9, "fields": {"encuesta": 4, "rubro": 5, "area_sembrada": 1.5, "produccion_total": 8.0, "semillas": 0.0, "consumo_humano": 0.0, "consumo_animal": 2.0, "venta": 6.0, "costo_produccion": 3000.0, "ingresos_produccion": 0.0, "ganancia_perdida": 0.0, "tipo": "Otros"}}, {"model": "productores.vendeproduccion", "pk": 1, "fields": {"encuesta": 1, "respuesta": "Intermediario"}}, {"model": "productores.vendeproduccion", "pk": 2, "fields": {"encuesta": 2, "respuesta": "Intermediario"}}, {"model": "productores.vendeproduccion", "pk": 3, "fields": {"encuesta": 3, "respuesta": "Intermediario"}}, {"model": "productores.vendeproduccion", "pk": 4, "fields": {"encuesta": 4, "respuesta": "Intermediario"}}, {"model": "productores.manoobra", "pk": 1, "fields": {"encuesta": 1, "mano_obra": "Si"}}, {"model": "productores.manoobra", "pk": 2, "fields": {"encuesta": 2, "mano_obra": "No"}}, {"model": "productores.manoobra", "pk": 3, "fields": {"encuesta": 3, "mano_obra": "No"}}, {"model": "productores.manoobra", "pk": 4, "fields": {"encuesta": 4, "mano_obra": "Si"}}, {"model": "productores.tablaempleo", "pk": 1, "fields": {"encuesta": 1, "rubro": 7, "temporal_hombres": 3, "temporal_mujeres": 0, "permanente_hombres": 1, "permanente_mujeres": 0, "familiar_hombres": 0, "familiar_mujeres": 0}}, {"model": "productores.tablaempleo", "pk": 2, "fields": {"encuesta": 4, "rubro": 1, "temporal_hombres": 2, "temporal_mujeres": 0, "permanente_hombres": 0, "permanente_mujeres": 0, "familiar_hombres": 0, "familiar_mujeres": 0}}, {"model": "productores.infraestructura", "pk": 1, "fields": {"encuesta": 1, "tipo": 1, "possee": "Si"}}, {"model": "productores.infraestructura", "pk": 2, "fields": {"encuesta": 2, "tipo": 2, "possee": "Si"}}, {"model": "productores.infraestructura", "pk": 3, "fields": {"encuesta": 3, "tipo": 3, "possee": "Si"}}, {"model": "productores.cotizacion", "pk": 1, "fields": {"encuesta": 1, "respuesta": "Si"}}, {"model": "productores.respuestasicotiza", "pk": 1, "fields": {"encuesta": 1, "donde_cotiza": 1, "desde_cuando": "Menor 1 a\u00f1o", "cuanto_cotiza": 5000.0, "frecuencia": "Mensual"}}, {"model": "productores.miembrocooperativa", "pk": 1, "fields": {"encuesta": 1, "respuesta": "Si", "cooperativa": [1, 2]}}, {"model": "productores.miembrocooperativa", "pk": 2, "fields": {"encuesta": 4, "respuesta": "Si", "cooperativa": []}}, {"model": "productores.beneficiadoproyecto", "pk": 1, "fields": {"encuesta": 1, "respuesta": "Si", "proyectos": [1]}}, {"model": "productores.beneficiadoproyecto", "pk": 2, "fields": {"encuesta": 4, "respuesta": "Si", "proyectos": [2]}}, {"model": "productores.credito", "pk": 1, "fields": {"encuesta": 1, "respuesta": "Si", "proyectos": 1, "formas_recibe_credito": [1]}}, {"model": "productores.credito", "pk": 2, "fields": {"encuesta": 3, "respuesta": "Si", "proyectos": 2, "formas_recibe_credito": [1]}}, {"model": "productores.credito", "pk": 3, "fields": {"encuesta": 4, "respuesta": "Si", "proyectos": 1, "formas_recibe_credito": [1]}}, {"model": "productores.cotizacionorganizacion", "pk": 1, "fields": {"encuesta": 1, "comentarios": "", "problemas_productor": [1], "acciones_cambio_climatico": [1], "afiliacion_unag": [1]}}, {"model": "productores.cotizacionorganizacion", "pk": 2, "fields": {"encuesta": 2, "comentarios": "", "problemas_productor": [1], "acciones_cambio_climatico": [1], "afiliacion_unag": [1]}}, {"model": "productores.cotizacionorganizacion", "pk": 3, "fields": {"encuesta": 3, "comentarios": "", "problemas_productor": [1], "acciones_cambio_climatico": [1], "afiliacion_unag": [2]}}, {"model": "productores.cotizacionorganizacion", "pk": 4, "fields": {"encuesta": 4, "comentarios": "", "problemas_productor": [1, 2], "acciones_cambio_climatico": [1], "afiliacion_unag": [1]}}]