[{"model": "lugar.pais", "pk": 1, "fields": {"nombre": "Nicaragua", "codigo": "ni"}}, {"model": "lugar.departamento", "pk": 5, "fields": {"pais": 1, "nombre": "Nueva Segovia", "slug": "Nueva-segovia", "extension": "3491.28", "latitud": null, "longitud": null}}, {"model": "lugar.departamento", "pk": 10, "fields": {"pais": 1, "nombre": "Jinotega", "slug": "jinotega", "extension": "9222.40", "latitud": null, "longitud": null}}, {"model": "lugar.departamento", "pk": 20, "fields": {"pais": 1, "nombre": "Madriz", "slug": "madriz", "extension": "1708.23", "latitud": null, "longitud": null}}, {"model": "lugar.departamento", "pk": 25, "fields": {"pais": 1, "nombre": "Estel\u00ed", "slug": "esteli", "extension": "2229.69", "latitud": null, "longitud": null}}, {"model": "lugar.departamento", "pk": 30, "fields": {"pais": 1, "nombre": "Chinandega", "slug": "chinandega", "extension": "4822.46", "latitud": null, "longitud": null}}, {"model": "lugar.departamento", "pk": 35, "fields": {"pais": 1, "nombre": "Le\u00f3n", "slug": "leon", "extension": "5138.03", "latitud": null, "longitud": null}}, {"model": "lugar.departamento", "pk": 40, "fields": {"pais": 1, "nombre": "Matagalpa", "slug": "matagalpa", "extension": "6803.86", "latitud": null, "longitud": null}}, {"model": "lugar.departamento", "pk": 50, "fields": {"pais": 1, "nombre": "Boaco", "slug": "boaco", "extension": "4176.68", "latitud": null, "longitud": null}}, {"model": "lugar.departamento", "pk": 55, "fields": {"pais": 1, "nombre": "Managua", "slug": "managua", "extension": "3465.10", "latitud": null, "longitud": null}}, {"model": "lugar.departamento", "pk": 60, "fields": {"pais": 1, "nombre": "Masaya", "slug": "masaya", "extension": "610.78", "latitud": null, "longitud": null}}, {"model": "lugar.departamento", "pk": 65, "fields": {"pais": 1, "nombre": "Chontales", "slug": "chontales", "extension": "6481.27", "latitud": null, "longitud": null}}, {"model": "lugar.departamento", "pk": 70, "fields": {"pais": 1, "nombre": "Granada", "slug": "granada", "extension": "1039.68", "latitud": null, "longitud": null}}, {"model": "lugar.departamento", "pk": 75, "fields": {"pais": 1, "nombre": "Carazo", "slug": "carazo", "extension": "1081.40", "latitud": null, "longitud": null}}, {"model": "lugar.departamento", "pk": 80, "fields": {"pais": 1, "nombre": "Rivas", "slug": "rivas", "extension": "2161.82", "latitud": null, "longitud": null}}, {"model": "lugar.departamento", "pk": 85, "fields": {"pais": 1, "nombre": "R\u00ed\u00ado San Juan", "slug": "Rio-san-juan", "extension": "7540.90", "latitud": null, "longitud": null}}, {"model": "lugar.departamento", "pk": 91, "fields": {"pais": 1, "nombre": "RAAN", "slug": "RAAN", "extension": "32819.68", "latitud": null, "longitud": null}}, {"model": "lugar.departamento", "pk": 93, "fields": {"pais": 1, "nombre": "RAAS", "slug": "RAAS", "extension": "27546.32", "latitud": null, "longitud": null}}, {"model": "lugar.departamento", "pk": 99, "fields": {"pais": 1, "nombre": "Cobertura Nacional", "slug": "cobertura-nacional", "extension": "333333.00", "latitud": null, "longitud": null}}, {"model": "lugar.municipio", "pk": 505, "fields": {"departamento": 5, "nombre": "Jalapa", "slug": "jalapa", "extension": "0.00", "latitud": "13.92286", "longitud": "-86.12520"}}, {"model": "lugar.municipio", "pk": 510, "fields": {"departamento": 5, "nombre": "Murra", "slug": "murra", "extension": "0.00", "latitud": "13.75900", "longitud": "-86.01799"}}, {"model": "lugar.municipio", "pk": 515, "fields": {"departamento": 5, "nombre": "El J\u00ed\u00adcaro", "slug": "El-jicaro", "extension": "0.00", "latitud": "13.72326", "longitud": "-86.13705"}}, {"model": "lugar.municipio", "pk": 520, "fields": {"departamento": 5, "nombre": "San Fernando", "slug": "San-fernando", "extension": "0.00", "latitud": "13.67729", "longitud": "-86.31484"}}, {"model": "lugar.municipio", "pk": 525, "fields": {"departamento": 5, "nombre": "Mozonte", "slug": "mozonte", "extension": "0.00", "latitud": "13.66168", "longitud": "-86.43706"}}, {"model": "lugar.municipio", "pk": 530, "fields": {"departamento": 5, "nombre": "Dipilto", "slug": "dipilto", "extension": "0.00", "latitud": "13.72243", "longitud": "-86.50720"}}, {"model": "lugar.municipio", "pk": 535, "fields": {"departamento": 5, "nombre": "Macuelizo", "slug": "macuelizo", "extension": "0.00", "latitud": "13.65239", "longitud": "-86.61380"}}, {"model": "lugar.municipio", "pk": 540, "fields": {"departamento": 5, "nombre": "Santa Mar\u00ed\u00ada", "slug": "santamaria", "extension": "0.00", "latitud": "13.74753", "longitud": "-86.71077"}}, {"model": "lugar.municipio", "pk": 545, "fields": {"departamento": 5, "nombre": "Ocotal", "slug": "ocotal", "extension": "0.00", "latitud": "13.63432", "longitud": "-86.47745"}}, {"model": "lugar.municipio", "pk": 550, "fields": {"departamento": 5, "nombre": "Ciudad Antigua", "slug": "Ciudad-antigua", "extension": "0.00", "latitud": "13.64217", "longitud": "-86.30893"}}, {"model": "lugar.municipio", "pk": 555, "fields": {"departamento": 5, "nombre": "Quilal\u00ed", "slug": "quilali", "extension": "0.00", "latitud": "13.56675", "longitud": "-86.02952"}}, {"model": "lugar.municipio", "pk": 560, "fields": {"departamento": 5, "nombre": "Wiwili de Nueva Segovia", "slug": "Wiwili-nuevasegovia", "extension": "0.00", "latitud": "13.62667", "longitud": "-85.82369"}}, {"model": "lugar.municipio", "pk": 1005, "fields": {"departamento": 10, "nombre": "Wiwil\u00ed", "slug": "Wiwili", "extension": "0.00", "latitud": "13.62130", "longitud": "-85.81864"}}, {"model": "lugar.municipio", "pk": 1010, "fields": {"departamento": 10, "nombre": "El C\u00faa", "slug": "El-cua", "extension": "0.00", "latitud": "13.36764", "longitud": "-85.67330"}}, {"model": "lugar.municipio", "pk": 1012, "fields": {"departamento": 10, "nombre": "San Jos\u00e9 Bocay", "slug": "San-jose-bocay", "extension": "0.00", "latitud": "13.61976", "longitud": "-85.50080"}}, {"model": "lugar.municipio", "pk": 1015, "fields": {"departamento": 10, "nombre": "Sta. Mar\u00eda de Pantasma", "slug": "Santa-maria-pantasma", "extension": "0.00", "latitud": "13.36667", "longitud": "-85.95000"}}, {"model": "lugar.municipio", "pk": 1020, "fields": {"departamento": 10, "nombre": "San Rafael del Norte", "slug": "San-rafael-del-norte", "extension": "0.00", "latitud": "13.21391", "longitud": "-86.11043"}}, {"model": "lugar.municipio", "pk": 1025, "fields": {"departamento": 10, "nombre": "San Sebastian de Yal\u00ed", "slug": "yali", "extension": "0.00", "latitud": "13.30500", "longitud": "-86.18636"}}, {"model": "lugar.municipio", "pk": 1030, "fields": {"departamento": 10, "nombre": "La Concordia", "slug": "La-concordia", "extension": "0.00", "latitud": "13.19535", "longitud": "-86.16693"}}, {"model": "lugar.municipio", "pk": 1035, "fields": {"departamento": 10, "nombre": "Jinotega", "slug": "jinotega", "extension": "0.00", "latitud": "13.09165", "longitud": "-86.00121"}}, {"model": "lugar.municipio", "pk": 1040, "fields": {"departamento": 10, "nombre": "Altowangky", "slug": "altowanky", "extension": "0.00", "latitud": null, "longitud": null}}, {"model": "lugar.municipio", "pk": 2005, "fields": {"departamento": 20, "nombre": "Somoto", "slug": "somoto", "extension": "0.00", "latitud": "13.48129", "longitud": "-86.58337"}}, {"model": "lugar.municipio", "pk": 2010, "fields": {"departamento": 20, "nombre": "Totogalpa", "slug": "totogalpa", "extension": "0.00", "latitud": "13.56336", "longitud": "-86.49281"}}, {"model": "lugar.municipio", "pk": 2015, "fields": {"departamento": 20, "nombre": "Telpaneca", "slug": "telpaneca", "extension": "0.00", "latitud": "13.53131", "longitud": "-86.28693"}}, {"model": "lugar.municipio", "pk": 2020, "fields": {"departamento": 20, "nombre": "San Juan de R\u00edo Coco", "slug": "San-juan-rio-coco", "extension": "0.00", "latitud": "13.54458", "longitud": "-86.16537"}}, {"model": "lugar.municipio", "pk": 2025, "fields": {"departamento": 20, "nombre": "Palacaguina", "slug": "palacaguina", "extension": "0.00", "latitud": "13.45597", "longitud": "-86.40710"}}, {"model": "lugar.municipio", "pk": 2030, "fields": {"departamento": 20, "nombre": "Yalaguina", "slug": "yalaguina", "extension": "0.00", "latitud": "13.48351", "longitud": "-86.49344"}}, {"model": "lugar.municipio", "pk": 2035, "fields": {"departamento": 20, "nombre": "San Lucas", "slug": "San-lucas", "extension": "0.00", "latitud": "13.41358", "longitud": "-86.61176"}}, {"model": "lugar.municipio", "pk": 2040, "fields": {"departamento": 20, "nombre": "Las Sabanas", "slug": "Las-sabanas", "extension": "0.00", "latitud": "13.34324", "longitud": "-86.62194"}}, {"model": "lugar.municipio", "pk": 2045, "fields": {"departamento": 20, "nombre": "San Jos\u00e9 de Cusmapa", "slug": "San-jose-cusmapa", "extension": "0.00", "latitud": "13.28847", "longitud": "-86.65489"}}, {"model": "lugar.municipio", "pk": 2505, "fields": {"departamento": 25, "nombre": "Pueblo Nuevo", "slug": "Pueblo-nuevo", "extension": "0.00", "latitud": "13.37937", "longitud": "-86.48077"}}, {"model": "lugar.municipio", "pk": 2510, "fields": {"departamento": 25, "nombre": "Condega", "slug": "condega", "extension": "0.00", "latitud": "13.36213", "longitud": "-86.39789"}}, {"model": "lugar.municipio", "pk": 2515, "fields": {"departamento": 25, "nombre": "Estel\u00ed", "slug": "esteli", "extension": "0.00", "latitud": "13.08948", "longitud": "-86.35551"}}, {"model": "lugar.municipio", "pk": 2520, "fields": {"departamento": 25, "nombre": "San Juan de Limay", "slug": "Sanjuan-limay", "extension": "0.00", "latitud": "13.17489", "longitud": "-86.61234"}}, {"model": "lugar.municipio", "pk": 2525, "fields": {"departamento": 25, "nombre": "La Trinidad", "slug": "trinidad", "extension": "0.00", "latitud": "12.96823", "longitud": "-86.23604"}}, {"model": "lugar.municipio", "pk": 2530, "fields": {"departamento": 25, "nombre": "San Nicol\u00e1s", "slug": "San-nicolas", "extension": "0.00", "latitud": "12.93312", "longitud": "-86.34700"}}, {"model": "lugar.municipio", "pk": 3005, "fields": {"departamento": 30, "nombre": "San Pedro del Norte", "slug": "San-pedro-del-norte", "extension": "0.00", "latitud": "13.27596", "longitud": "-86.87777"}}, {"model": "lugar.municipio", "pk": 3010, "fields": {"departamento": 30, "nombre": "San Francisco del Norte", "slug": "San-francisco-del-norte", "extension": "0.00", "latitud": "13.20016", "longitud": "-86.77192"}}, {"model": "lugar.municipio", "pk": 3015, "fields": {"departamento": 30, "nombre": "Cinco Pinos", "slug": "Cinco-pinos", "extension": "0.00", "latitud": "13.23036", "longitud": "-86.86719"}}, {"model": "lugar.municipio", "pk": 3020, "fields": {"departamento": 30, "nombre": "Santo Tom\u00e1s del Norte", "slug": "Santo-tomas-del-norte", "extension": "0.00", "latitud": "13.18701", "longitud": "-86.92352"}}, {"model": "lugar.municipio", "pk": 3025, "fields": {"departamento": 30, "nombre": "El Viejo", "slug": "El-viejo", "extension": "0.00", "latitud": "12.66228", "longitud": "-87.16541"}}, {"model": "lugar.municipio", "pk": 3030, "fields": {"departamento": 30, "nombre": "Pto. Moraz\u00e1n", "slug": "Puerto-morazan", "extension": "0.00", "latitud": "12.76721", "longitud": "-87.13388"}}, {"model": "lugar.municipio", "pk": 3035, "fields": {"departamento": 30, "nombre": "Somotillo", "slug": "somotillo", "extension": "0.00", "latitud": "13.04495", "longitud": "-86.90499"}}, {"model": "lugar.municipio", "pk": 3040, "fields": {"departamento": 30, "nombre": "Villanueva", "slug": "villanueva", "extension": "0.00", "latitud": "12.96391", "longitud": "-86.81468"}}, {"model": "lugar.municipio", "pk": 3045, "fields": {"departamento": 30, "nombre": "Chinandega", "slug": "chinandega", "extension": "0.00", "latitud": "12.62872", "longitud": "-87.13149"}}, {"model": "lugar.municipio", "pk": 3050, "fields": {"departamento": 30, "nombre": "El Realejo", "slug": "El-realejo", "extension": "0.00", "latitud": "12.54551", "longitud": "-87.16736"}}, {"model": "lugar.municipio", "pk": 3055, "fields": {"departamento": 30, "nombre": "Corinto", "slug": "corinto", "extension": "0.00", "latitud": "12.48461", "longitud": "-87.17122"}}, {"model": "lugar.municipio", "pk": 3060, "fields": {"departamento": 30, "nombre": "Chichigalpa", "slug": "chichigalpa", "extension": "0.00", "latitud": "12.57224", "longitud": "-87.02849"}}, {"model": "lugar.municipio", "pk": 3065, "fields": {"departamento": 30, "nombre": "Posoltega", "slug": "posotelga", "extension": "0.00", "latitud": "12.54410", "longitud": "-86.98010"}}, {"model": "lugar.municipio", "pk": 3505, "fields": {"departamento": 35, "nombre": "Achuapa", "slug": "achuapa", "extension": "0.00", "latitud": "13.05433", "longitud": "-86.59070"}}, {"model": "lugar.municipio", "pk": 3510, "fields": {"departamento": 35, "nombre": "El Sauce", "slug": "El-sauce", "extension": "0.00", "latitud": "12.88694", "longitud": "-86.53952"}}, {"model": "lugar.municipio", "pk": 3515, "fields": {"departamento": 35, "nombre": "Santa Rosa del Pe\u00f1on", "slug": "Santa-rosa-del-penon", "extension": "0.00", "latitud": "12.80142", "longitud": "-86.37144"}}, {"model": "lugar.municipio", "pk": 3520, "fields": {"departamento": 35, "nombre": "El Jicaral", "slug": "El-jicaral", "extension": "0.00", "latitud": "12.72672", "longitud": "-86.38134"}}, {"model": "lugar.municipio", "pk": 3525, "fields": {"departamento": 35, "nombre": "Larreynaga", "slug": "larreynaga", "extension": "0.00", "latitud": "12.59311", "longitud": "-86.68015"}}, {"model": "lugar.municipio", "pk": 3530, "fields": {"departamento": 35, "nombre": "Telica", "slug": "telica", "extension": "0.00", "latitud": "12.52152", "longitud": "-86.86030"}}, {"model": "lugar.municipio", "pk": 3535, "fields": {"departamento": 35, "nombre": "Quezalguaque", "slug": "quezalguaque", "extension": "0.00", "latitud": "12.50614", "longitud": "-86.90366"}}, {"model": "lugar.municipio", "pk": 3540, "fields": {"departamento": 35, "nombre": "Le\u00f3n", "slug": "leon", "extension": "0.00", "latitud": "12.43481", "longitud": "-86.88174"}}, {"model": "lugar.municipio", "pk": 3545, "fields": {"departamento": 35, "nombre": "La Paz Centro", "slug": "La-paz-centro", "extension": "0.00", "latitud": "12.34011", "longitud": "-86.67625"}}, {"model": "lugar.municipio", "pk": 3550, "fields": {"departamento": 35, "nombre": "Nagarote", "slug": "nagarote", "extension": "0.00", "latitud": "12.26531", "longitud": "-86.56812"}}, {"model": "lugar.municipio", "pk": 4005, "fields": {"departamento": 40, "nombre": "Rancho Grande", "slug": "Rancho-grande", "extension": "0.00", "latitud": "13.25352", "longitud": "-85.55268"}}, {"model": "lugar.municipio", "pk": 4010, "fields": {"departamento": 40, "nombre": "R\u00ed\u00ado Blanco", "slug": "Rio-blanco", "extension": "0.00", "latitud": "12.93044", "longitud": "-85.22610"}}, {"model": "lugar.municipio", "pk": 4015, "fields": {"departamento": 40, "nombre": "El Tuma - La Dalia", "slug": "El-tuma", "extension": "0.00", "latitud": "13.13735", "longitud": "-85.73788"}}, {"model": "lugar.municipio", "pk": 4020, "fields": {"departamento": 40, "nombre": "San Isidro", "slug": "San-isidro", "extension": "0.00", "latitud": "12.92937", "longitud": "-86.19550"}}, {"model": "lugar.municipio", "pk": 4025, "fields": {"departamento": 40, "nombre": "S\u00e9baco", "slug": "sebaco", "extension": "0.00", "latitud": "12.85190", "longitud": "-86.09696"}}, {"model": "lugar.municipio", "pk": 4030, "fields": {"departamento": 40, "nombre": "Matagalpa", "slug": "matagalpa", "extension": "0.00", "latitud": "12.92709", "longitud": "-85.91747"}}, {"model": "lugar.municipio", "pk": 4035, "fields": {"departamento": 40, "nombre": "San Ram\u00f3n", "slug": "San-ramon", "extension": "0.00", "latitud": "12.92254", "longitud": "-85.83968"}}, {"model": "lugar.municipio", "pk": 4040, "fields": {"departamento": 40, "nombre": "Matigu\u00e1s", "slug": "matiguas", "extension": "0.00", "latitud": "12.83710", "longitud": "-85.46079"}}, {"model": "lugar.municipio", "pk": 4045, "fields": {"departamento": 40, "nombre": "Muy Muy", "slug": "muymuy", "extension": "0.00", "latitud": "12.76125", "longitud": "-85.63123"}}, {"model": "lugar.municipio", "pk": 4050, "fields": {"departamento": 40, "nombre": "Esquipulas", "slug": "esquipulas", "extension": "0.00", "latitud": "12.66446", "longitud": "-85.78909"}}, {"model": "lugar.municipio", "pk": 4055, "fields": {"departamento": 40, "nombre": "San Dionisio", "slug": "San-dionisio", "extension": "0.00", "latitud": "12.76190", "longitud": "-85.85091"}}, {"model": "lugar.municipio", "pk": 4060, "fields": {"departamento": 40, "nombre": "Terrabona", "slug": "terrabona", "extension": "0.00", "latitud": "12.73009", "longitud": "-85.96487"}}, {"model": "lugar.municipio", "pk": 4065, "fields": {"departamento": 40, "nombre": "Ciudad Dar\u00ed\u00ado", "slug": "Ciudad-dario", "extension": "0.00", "latitud": "12.73000", "longitud": "-86.12457"}}, {"model": "lugar.municipio", "pk": 5005, "fields": {"departamento": 50, "nombre": "San Jos\u00e9 de los Remates", "slug": "San-jose-de-los-remates", "extension": "0.00", "latitud": "12.59748", "longitud": "-85.76253"}}, {"model": "lugar.municipio", "pk": 5010, "fields": {"departamento": 50, "nombre": "Boaco", "slug": "boaco", "extension": "0.00", "latitud": "12.47160", "longitud": "-85.65952"}}, {"model": "lugar.municipio", "pk": 5015, "fields": {"departamento": 50, "nombre": "Camoapa", "slug": "camoapa", "extension": "0.00", "latitud": "12.38377", "longitud": "-85.51465"}}, {"model": "lugar.municipio", "pk": 5020, "fields": {"departamento": 50, "nombre": "Santa Luc\u00eda", "slug": "Santa-lucia", "extension": "0.00", "latitud": "12.53226", "longitud": "-85.71156"}}, {"model": "lugar.municipio", "pk": 5025, "fields": {"departamento": 50, "nombre": "Teustepe", "slug": "teustepe", "extension": "0.00", "latitud": "12.41979", "longitud": "-85.79922"}}, {"model": "lugar.municipio", "pk": 5030, "fields": {"departamento": 50, "nombre": "San  Lorenzo", "slug": "San-lorenzo", "extension": "0.00", "latitud": "12.37789", "longitud": "-85.66718"}}, {"model": "lugar.municipio", "pk": 5505, "fields": {"departamento": 55, "nombre": "San Francisco Libre", "slug": "San-francisco-libre", "extension": "0.00", "latitud": "12.50458", "longitud": "-86.30105"}}, {"model": "lugar.municipio", "pk": 5510, "fields": {"departamento": 55, "nombre": "Tipitapa", "slug": "tipitapa", "extension": "0.00", "latitud": "12.19662", "longitud": "-86.09682"}}, {"model": "lugar.municipio", "pk": 5515, "fields": {"departamento": 55, "nombre": "Mateare", "slug": "mateare", "extension": "0.00", "latitud": "12.23536", "longitud": "-86.43013"}}, {"model": "lugar.municipio", "pk": 5520, "fields": {"departamento": 55, "nombre": "Villa Carlos Fonseca", "slug": "Villa-carlos-fonseca", "extension": "0.00", "latitud": "11.97924", "longitud": "-86.50809"}}, {"model": "lugar.municipio", "pk": 5522, "fields": {"departamento": 55, "nombre": "Ciudad Sandino", "slug": "Ciudad-sandino", "extension": "0.00", "latitud": "12.16082", "longitud": "-86.35004"}}, {"model": "lugar.municipio", "pk": 5525, "fields": {"departamento": 55, "nombre": "Managua", "slug": "managua", "extension": "0.00", "latitud": "12.14746", "longitud": "-86.27339"}}, {"model": "lugar.municipio", "pk": 5530, "fields": {"departamento": 55, "nombre": "Ticuantepe", "slug": "ticuantepe", "extension": "0.00", "latitud": "12.02125", "longitud": "-86.20288"}}, {"model": "lugar.municipio", "pk": 5532, "fields": {"departamento": 55, "nombre": "El Crucero", "slug": "El-crucero", "extension": "0.00", "latitud": "11.97865", "longitud": "-86.31076"}}, {"model": "lugar.municipio", "pk": 5535, "fields": {"departamento": 55, "nombre": "San Rafael del Sur", "slug": "San-rafael-del-sur", "extension": "0.00", "latitud": "11.84681", "longitud": "-86.43977"}}, {"model": "lugar.municipio", "pk": 6005, "fields": {"departamento": 60, "nombre": "Nindir\u00ed", "slug": "nindiri", "extension": "0.00", "latitud": "12.00243", "longitud": "-86.12067"}}, {"model": "lugar.municipio", "pk": 6010, "fields": {"departamento": 60, "nombre": "Masaya", "slug": "masaya", "extension": "0.00", "latitud": "11.97735", "longitud": "-86.09606"}}, {"model": "lugar.municipio", "pk": 6015, "fields": {"departamento": 60, "nombre": "Tisma", "slug": "tisma", "extension": "0.00", "latitud": "12.08133", "longitud": "-86.01921"}}, {"model": "lugar.municipio", "pk": 6020, "fields": {"departamento": 60, "nombre": "La Concepci\u00f3n", "slug": "La-concepcion", "extension": "0.00", "latitud": "11.93615", "longitud": "-86.19220"}}, {"model": "lugar.municipio", "pk": 6025, "fields": {"departamento": 60, "nombre": "Masatepe", "slug": "masatepe", "extension": "0.00", "latitud": "11.91344", "longitud": "-86.14475"}}, {"model": "lugar.municipio", "pk": 6030, "fields": {"departamento": 60, "nombre": "Nandasmo", "slug": "nandasmo", "extension": "0.00", "latitud": "11.90933", "longitud": "-86.13055"}}, {"model": "lugar.municipio", "pk": 6035, "fields": {"departamento": 60, "nombre": "Catarina", "slug": "catarina", "extension": "0.00", "latitud": "11.91078", "longitud": "-86.07407"}}, {"model": "lugar.municipio", "pk": 6040, "fields": {"departamento": 60, "nombre": "San Juan de Oriente", "slug": "San-juan-de-oriente", "extension": "0.00", "latitud": "11.90479", "longitud": "-86.07311"}}, {"model": "lugar.municipio", "pk": 6045, "fields": {"departamento": 60, "nombre": "Niquinohomo", "slug": "niquinomo", "extension": "0.00", "latitud": "11.90408", "longitud": "-86.09472"}}, {"model": "lugar.municipio", "pk": 6505, "fields": {"departamento": 65, "nombre": "Comalapa", "slug": "comalapa", "extension": "0.00", "latitud": "12.28340", "longitud": "-85.51142"}}, {"model": "lugar.municipio", "pk": 6507, "fields": {"departamento": 65, "nombre": "San Francisco Cuapa", "slug": "San-francisco-cuapa", "extension": "0.00", "latitud": "12.26671", "longitud": "-85.38308"}}, {"model": "lugar.municipio", "pk": 6510, "fields": {"departamento": 65, "nombre": "Juigalpa", "slug": "juigalpa", "extension": "0.00", "latitud": "12.10580", "longitud": "-85.36842"}}, {"model": "lugar.municipio", "pk": 6515, "fields": {"departamento": 65, "nombre": "La Libertad", "slug": "La-libertad", "extension": "0.00", "latitud": "12.21539", "longitud": "-85.16549"}}, {"model": "lugar.municipio", "pk": 6520, "fields": {"departamento": 65, "nombre": "Santo Domingo", "slug": "Santo-domingo", "extension": "0.00", "latitud": "12.26301", "longitud": "-85.08232"}}, {"model": "lugar.municipio", "pk": 6525, "fields": {"departamento": 65, "nombre": "Santo Tom\u00e1s", "slug": "Santo-tomas", "extension": "0.00", "latitud": "12.06902", "longitud": "-85.09340"}}, {"model": "lugar.municipio", "pk": 6530, "fields": {"departamento": 65, "nombre": "San Pedro de L\u00f3vago", "slug": "San-pedro-de-lovago", "extension": "0.00", "latitud": "12.12852", "longitud": "-85.11572"}}, {"model": "lugar.municipio", "pk": 6535, "fields": {"departamento": 65, "nombre": "Acoyapa", "slug": "acoyapa", "extension": "0.00", "latitud": "11.96764", "longitud": "-85.17044"}}, {"model": "lugar.municipio", "pk": 6540, "fields": {"departamento": 65, "nombre": "Villa Sandino", "slug": "Villa-sandino", "extension": "0.00", "latitud": "12.04779", "longitud": "-84.99334"}}, {"model": "lugar.municipio", "pk": 6545, "fields": {"departamento": 65, "nombre": "El Coral", "slug": "El-coral", "extension": "0.00", "latitud": "11.91576", "longitud": "-84.65041"}}, {"model": "lugar.municipio", "pk": 7005, "fields": {"departamento": 70, "nombre": "Diri\u00e1", "slug": "diria", "extension": "0.00", "latitud": "11.88416", "longitud": "-86.05565"}}, {"model": "lugar.municipio", "pk": 7010, "fields": {"departamento": 70, "nombre": "Diriomo", "slug": "diriomo", "extension": "0.00", "latitud": "11.87494", "longitud": "-86.05110"}}, {"model": "lugar.municipio", "pk": 7015, "fields": {"departamento": 70, "nombre": "Granada", "slug": "granada", "extension": "0.00", "latitud": "11.93095", "longitud": "-85.95696"}}, {"model": "lugar.municipio", "pk": 7020, "fields": {"departamento": 70, "nombre": "Nandaime", "slug": "nandaime", "extension": "0.00", "latitud": "11.75630", "longitud": "-86.05345"}}, {"model": "lugar.municipio", "pk": 7505, "fields": {"departamento": 75, "nombre": "San Marcos", "slug": "San-marcos", "extension": "0.00", "latitud": "11.90651", "longitud": "-86.20314"}}, {"model": "lugar.municipio", "pk": 7510, "fields": {"departamento": 75, "nombre": "Jinotepe", "slug": "jinotepe", "extension": "0.00", "latitud": "11.84831", "longitud": "-86.19846"}}, {"model": "lugar.municipio", "pk": 7515, "fields": {"departamento": 75, "nombre": "Dolores", "slug": "dolores", "extension": "0.00", "latitud": "11.85565", "longitud": "-86.21535"}}, {"model": "lugar.municipio", "pk": 7520, "fields": {"departamento": 75, "nombre": "Diriamba", "slug": "diriamba", "extension": "0.00", "latitud": "11.85572", "longitud": "-86.24074"}}, {"model": "lugar.municipio", "pk": 7525, "fields": {"departamento": 75, "nombre": "El Rosario", "slug": "El-rosario", "extension": "0.00", "latitud": "11.83224", "longitud": "-86.16484"}}, {"model": "lugar.municipio", "pk": 7530, "fields": {"departamento": 75, "nombre": "La Paz de Carazo", "slug": "La-paz-de-carazo", "extension": "0.00", "latitud": "11.82206", "longitud": "-86.12750"}}, {"model": "lugar.municipio", "pk": 7535, "fields": {"departamento": 75, "nombre": "Santa Teresa", "slug": "Santa-tereza", "extension": "0.00", "latitud": "11.80272", "longitud": "-86.16281"}}, {"model": "lugar.municipio", "pk": 7540, "fields": {"departamento": 75, "nombre": "La Conquista", "slug": "La-conquista", "extension": "0.00", "latitud": "11.73336", "longitud": "-86.19297"}}, {"model": "lugar.municipio", "pk": 8005, "fields": {"departamento": 80, "nombre": "Tola", "slug": "tola", "extension": "0.00", "latitud": "11.43868", "longitud": "-85.93907"}}, {"model": "lugar.municipio", "pk": 8010, "fields": {"departamento": 80, "nombre": "Bel\u00e9n", "slug": "belen", "extension": "0.00", "latitud": "11.50081", "longitud": "-85.89014"}}, {"model": "lugar.municipio", "pk": 8015, "fields": {"departamento": 80, "nombre": "Potos\u00ed", "slug": "potosi", "extension": "0.00", "latitud": "11.49320", "longitud": "-85.85709"}}, {"model": "lugar.municipio", "pk": 8020, "fields": {"departamento": 80, "nombre": "Buenos Aires", "slug": "Buenos-aires", "extension": "0.00", "latitud": "11.46923", "longitud": "-85.81701"}}, {"model": "lugar.municipio", "pk": 8025, "fields": {"departamento": 80, "nombre": "Moyogalpa", "slug": "moyogalpa", "extension": "0.00", "latitud": "11.53947", "longitud": "-85.69746"}}, {"model": "lugar.municipio", "pk": 8030, "fields": {"departamento": 80, "nombre": "Altagracia", "slug": "altagracia", "extension": "0.00", "latitud": "11.56547", "longitud": "-85.57793"}}, {"model": "lugar.municipio", "pk": 8035, "fields": {"departamento": 80, "nombre": "San Jorge", "slug": "San-jorge", "extension": "0.00", "latitud": "11.45532", "longitud": "-85.80074"}}, {"model": "lugar.municipio", "pk": 8040, "fields": {"departamento": 80, "nombre": "Rivas", "slug": "rivas", "extension": "0.00", "latitud": "11.43975", "longitud": "-85.82880"}}, {"model": "lugar.municipio", "pk": 8045, "fields": {"departamento": 80, "nombre": "San Juan del Sur", "slug": "San-juan-del-sur", "extension": "0.00", "latitud": "11.25384", "longitud": "-85.87177"}}, {"model": "lugar.municipio", "pk": 8050, "fields": {"departamento": 80, "nombre": "C\u00e1rdenas", "slug": "cardenas", "extension": "0.00", "latitud": "11.19521", "longitud": "-85.50886"}}, {"model": "lugar.municipio", "pk": 8505, "fields": {"departamento": 85, "nombre": "Morrito", "slug": "morrito", "extension": "0.00", "latitud": "11.62130", "longitud": "-85.08169"}}, {"model": "lugar.municipio", "pk": 8510, "fields": {"departamento": 85, "nombre": "El Almendro", "slug": "El-almendro", "extension": "0.00", "latitud": "11.67684", "longitud": "-84.70362"}}, {"model": "lugar.municipio", "pk": 8515, "fields": {"departamento": 85, "nombre": "San Miguelito", "slug": "San-miguelito", "extension": "0.00", "latitud": "11.40156", "longitud": "-84.90005"}}, {"model": "lugar.municipio", "pk": 8520, "fields": {"departamento": 85, "nombre": "San Carlos", "slug": "San-carlos", "extension": "0.00", "latitud": "11.12088", "longitud": "-84.77837"}}, {"model": "lugar.municipio", "pk": 8525, "fields": {"departamento": 85, "nombre": "El Castillo", "slug": "El-castillo", "extension": "0.00", "latitud": "11.03969", "longitud": "-84.47295"}}, {"model": "lugar.municipio", "pk": 8530, "fields": {"departamento": 85, "nombre": "San Juan del Norte", "slug": "San-juan-del-norte", "extension": "0.00", "latitud": "10.94671", "longitud": "-83.73479"}}, {"model": "lugar.municipio", "pk": 9105, "fields": {"departamento": 91, "nombre": "Wasp\u00e1n", "slug": "waspan", "extension": "0.00", "latitud": "14.74386", "longitud": "-83.96885"}}, {"model": "lugar.municipio", "pk": 9110, "fields": {"departamento": 91, "nombre": "Puerto Cabezas", "slug": "Puerto-cabezas", "extension": "0.00", "latitud": "14.03313", "longitud": "-83.38223"}}, {"model": "lugar.municipio", "pk": 9115, "fields": {"departamento": 91, "nombre": "Rosita", "slug": "rosita", "extension": "0.00", "latitud": "13.91060", "longitud": "-84.39153"}}, {"model": "lugar.municipio", "pk": 9120, "fields": {"departamento": 91, "nombre": "Bonanza", "slug": "bonanza", "extension": "0.00", "latitud": "14.02584", "longitud": "-84.62088"}}, {"model": "lugar.municipio", "pk": 9125, "fields": {"departamento": 91, "nombre": "Waslala", "slug": "waslala", "extension": "0.00", "latitud": "13.33465", "longitud": "-85.37099"}}, {"model": "lugar.municipio", "pk": 9127, "fields": {"departamento": 91, "nombre": "Mulukuku", "slug": "mulukuku", "extension": "0.00", "latitud": "13.15000", "longitud": "-84.96667"}}, {"model": "lugar.municipio", "pk": 9130, "fields": {"departamento": 91, "nombre": "Siuna", "slug": "siuna", "extension": "0.00", "latitud": "13.73857", "longitud": "-84.78491"}}, {"model": "lugar.municipio", "pk": 9135, "fields": {"departamento": 91, "nombre": "Prinzapolka", "slug": "prinzapolka", "extension": "0.00", "latitud": "13.40611", "longitud": "-83.56229"}}, {"model": "lugar.municipio", "pk": 9305, "fields": {"departamento": 93, "nombre": "Paiwas", "slug": "paiwas", "extension": "0.00", "latitud": "12.78548", "longitud": "-85.12402"}}, {"model": "lugar.municipio", "pk": 9310, "fields": {"departamento": 93, "nombre": "La Cruz de R\u00edo Grande", "slug": "La-cruz-rio-grande", "extension": "0.00", "latitud": "13.11145", "longitud": "-84.18835"}}, {"model": "lugar.municipio", "pk": 9312, "fields": {"departamento": 93, "nombre": "Desembocadura de R\u00edo Grande", "slug": "Desembocadura-rio-grande", "extension": "0.00", "latitud": "12.93208", "longitud": "-83.57697"}}, {"model": "lugar.municipio", "pk": 9315, "fields": {"departamento": 93, "nombre": "Laguna de Perlas", "slug": "Laguna-de-perlas", "extension": "0.00", "latitud": "12.34096", "longitud": "-83.67052"}}, {"model": "lugar.municipio", "pk": 9316, "fields": {"departamento": 93, "nombre": "El Tortuguero", "slug": "El-tortuguero", "extension": "0.00", "latitud": "12.82085", "longitud": "-84.19906"}}, {"model": "lugar.municipio", "pk": 9320, "fields": {"departamento": 93, "nombre": "Rama", "slug": "rama", "extension": "0.00", "latitud": "12.16004", "longitud": "-84.21913"}}, {"model": "lugar.municipio", "pk": 9323, "fields": {"departamento": 93, "nombre": "El Ayote", "slug": "El-ayote", "extension": "0.00", "latitud": "12.49486", "longitud": "-84.81943"}}, {"model": "lugar.municipio", "pk": 9325, "fields": {"departamento": 93, "nombre": "Muelle de los Bueyes", "slug": "Muelle-de-los-bueyes", "extension": "0.00", "latitud": "12.06764", "longitud": "-84.53749"}}, {"model": "lugar.municipio", "pk": 9330, "fields": {"departamento": 93, "nombre": "Kukra - Hill", "slug": "Kukra-hill", "extension": "0.00", "latitud": "12.24163", "longitud": "-83.74532"}}, {"model": "lugar.municipio", "pk": 9335, "fields": {"departamento": 93, "nombre": "Corn Island", "slug": "Corn-island", "extension": "0.00", "latitud": "12.18017", "longitud": "-83.05975"}}, {"model": "lugar.municipio", "pk": 9340, "fields": {"departamento": 93, "nombre": "Bluefields", "slug": "bluefields", "extension": "0.00", "latitud": "12.01144", "longitud": "-83.76388"}}, {"model": "lugar.municipio", "pk": 9345, "fields": {"departamento": 93, "nombre": "Nueva Guinea", "slug": "Nueva-guinea", "extension": "0.00", "latitud": "11.68827", "longitud": "-84.45794"}}, {"model": "lugar.comunidad", "pk": 1, "fields": {"municipio": 4030, "nombre": "El Balsamo"}}, {"model": "lugar.comunidad", "pk": 2, "fields": {"municipio": 4050, "nombre": "San Francisco"}}, {"model": "lugar.comunidad", "pk": 3, "fields": {"municipio": 3005, "nombre": "El Chaparral"}}, {"model": "lugar.comunidad", "pk": 4, "fields": {"municipio": 4050, "nombre": "Cinta Verde"}}, {"model": "lugar.comunidad", "pk": 5, "fields": {"municipio": 4050, "nombre": "Cinta Verde"}}, {"model": "lugar.comunidad", "pk": 6, "fields": {"municipio": 4050, "nombre": "Pita Arriba"}}, {"model": "lugar.comunidad", "pk": 7, "fields": {"municipio": 4035, "nombre": "Pueblo Viejo"}}, {"model": "lugar.comunidad", "pk": 8, "fields": {"municipio": 3035, "nombre": "Santa Teresa"}}, {"model": "lugar.comunidad", "pk": 9, "fields": {"municipio": 3035, "nombre": "Ji\u00f1ocuao"}}, {"model": "lugar.comunidad", "pk": 10, "fields": {"municipio": 4050, "nombre": "La Pita"}}, {"model": "lugar.comunidad", "pk": 11, "fields": {"municipio": 3020, "nombre": "Quebrada Arriba"}}, {"model": "lugar.comunidad", "pk": 12, "fields": {"municipio": 3020, "nombre": "Vadoancho Arriba"}}, {"model": "lugar.comunidad", "pk": 13, "fields": {"municipio": 4030, "nombre": "Jumaiqui"}}, {"model": "lugar.comunidad", "pk": 14, "fields": {"municipio": 4030, "nombre": "El B\u00e1lsamo Sur"}}, {"model": "lugar.comunidad", "pk": 15, "fields": {"municipio": 4050, "nombre": "Cerro El Padre"}}, {"model": "lugar.comunidad", "pk": 16, "fields": {"municipio": 4050, "nombre": "Pita Abajo"}}, {"model": "lugar.comunidad", "pk": 17, "fields": {"municipio": 4030, "nombre": "Jucuapa Arriba"}}, {"model": "lugar.comunidad", "pk": 18, "fields": {"municipio": 4055, "nombre": "El C\u00f3bano"}}, {"model": "lugar.comunidad", "pk": 19, "fields": {"municipio": 4055, "nombre": "El Junquillo"}}, {"model": "lugar.comunidad", "pk": 20, "fields": {"municipio": 9130, "nombre": "santa fe"}}, {"model": "lugar.comunidad", "pk": 21, "fields": {"municipio": 9130, "nombre": "la gasolina"}}, {"model": "lugar.comunidad", "pk": 22, "fields": {"municipio": 9130, "nombre": "empalme lab\u00fa"}}, {"model": "lugar.comunidad", "pk": 23, "fields": {"municipio": 9130, "nombre": "alo bethel"}}, {"model": "lugar.comunidad", "pk": 24, "fields": {"municipio": 9130, "nombre": "Wasimito"}}, {"model": "lugar.comunidad", "pk": 25, "fields": {"municipio": 4005, "nombre": "Bijao Norte"}}, {"model": "lugar.comunidad", "pk": 26, "fields": {"municipio": 4005, "nombre": "Colonia Agricola N\u00ba 2"}}, {"model": "lugar.comunidad", "pk": 27, "fields": {"municipio": 4005, "nombre": "Colonia Agricola N\u00ba 1"}}, {"model": "lugar.comunidad", "pk": 28, "fields": {"municipio": 4035, "nombre": "San Pablo"}}, {"model": "lugar.comunidad", "pk": 29, "fields": {"municipio": 4035, "nombre": "Samulali"}}, {"model": "lugar.comunidad", "pk": 31, "fields": {"municipio": 4035, "nombre": "Guadalupe"}}, {"model": "lugar.comunidad", "pk": 32, "fields": {"municipio": 4035, "nombre": "Yucul"}}, {"model": "lugar.comunidad", "pk": 33, "fields": {"municipio": 3010, "nombre": "El Naranjo"}}, {"model": "lugar.comunidad", "pk": 34, "fields": {"municipio": 3015, "nombre": "Las Pozas"}}, {"model": "lugar.comunidad", "pk": 35, "fields": {"municipio": 4055, "nombre": "La Ca\u00f1ada"}}, {"model": "lugar.comunidad", "pk": 36, "fields": {"municipio": 4055, "nombre": "El Carrizal"}}, {"model": "lugar.comunidad", "pk": 37, "fields": {"municipio": 4055, "nombre": "Monte Verde"}}, {"model": "lugar.comunidad", "pk": 38, "fields": {"municipio": 4055, "nombre": "La Lima"}}, {"model": "lugar.comunidad", "pk": 39, "fields": {"municipio": 3040, "nombre": "La Palma"}}, {"model": "lugar.comunidad", "pk": 40, "fields": {"municipio": 3020, "nombre": "Ojo de Agua"}}, {"model": "lugar.comunidad", "pk": 41, "fields": {"municipio": 3015, "nombre": "El J\u00edcaro"}}, {"model": "lugar.comunidad", "pk": 42, "fields": {"municipio": 3035, "nombre": "La carreta"}}, {"model": "lugar.comunidad", "pk": 43, "fields": {"municipio": 3005, "nombre": "Loma de Piedra"}}, {"model": "lugar.comunidad", "pk": 44, "fields": {"municipio": 4055, "nombre": "El Bonete - San Dionisio"}}, {"model": "lugar.comunidad", "pk": 45, "fields": {"municipio": 3040, "nombre": "Lourdes"}}, {"model": "lugar.comunidad", "pk": 46, "fields": {"municipio": 3010, "nombre": "R\u00edo Negro"}}, {"model": "lugar.comunidad", "pk": 47, "fields": {"municipio": 3005, "nombre": "Plan Grande"}}, {"model": "lugar.comunidad", "pk": 48, "fields": {"municipio": 3005, "nombre": "La Union"}}, {"model": "lugar.comunidad", "pk": 49, "fields": {"municipio": 3005, "nombre": "Casco Urbano"}}, {"model": "lugar.comunidad", "pk": 50, "fields": {"municipio": 3005, "nombre": "Chaparral"}}, {"model": "lugar.comunidad", "pk": 51, "fields": {"municipio": 4055, "nombre": "Ocote Abajo"}}, {"model": "lugar.comunidad", "pk": 52, "fields": {"municipio": 4055, "nombre": "Susuli"}}, {"model": "lugar.comunidad", "pk": 53, "fields": {"municipio": 4055, "nombre": "Las Cuchillas"}}, {"model": "lugar.comunidad", "pk": 54, "fields": {"municipio": 3035, "nombre": "Cayanlipe"}}, {"model": "lugar.comunidad", "pk": 55, "fields": {"municipio": 3040, "nombre": "Rinc\u00f3n Garcia"}}, {"model": "lugar.comunidad", "pk": 56, "fields": {"municipio": 3040, "nombre": "El Bonete -Villanueva"}}, {"model": "lugar.comunidad", "pk": 57, "fields": {"municipio": 3040, "nombre": "Los Achiotes"}}, {"model": "lugar.comunidad", "pk": 58, "fields": {"municipio": 3035, "nombre": "El Caimito"}}, {"model": "lugar.comunidad", "pk": 59, "fields": {"municipio": 3040, "nombre": "La paicara"}}, {"model": "lugar.comunidad", "pk": 60, "fields": {"municipio": 3035, "nombre": "La Danta"}}, {"model": "lugar.comunidad", "pk": 61, "fields": {"municipio": 3035, "nombre": "Santa Paula"}}, {"model": "lugar.comunidad", "pk": 62, "fields": {"municipio": 3035, "nombre": "Asentamiento Acs"}}, {"model": "lugar.comunidad", "pk": 63, "fields": {"municipio": 3035, "nombre": "Las Mesitas"}}, {"model": "lugar.comunidad", "pk": 64, "fields": {"municipio": 3035, "nombre": "Santa Paula"}}, {"model": "lugar.comunidad", "pk": 65, "fields": {"municipio": 3040, "nombre": "Las Jolotas"}}, {"model": "lugar.comunidad", "pk": 66, "fields": {"municipio": 3040, "nombre": "Los Laureles"}}, {"model": "lugar.comunidad", "pk": 67, "fields": {"municipio": 4055, "nombre": "Matazanito"}}, {"model": "lugar.comunidad", "pk": 68, "fields": {"municipio": 3035, "nombre": "La Flor"}}, {"model": "lugar.comunidad", "pk": 69, "fields": {"municipio": 4055, "nombre": "El Quebrachal"}}, {"model": "lugar.comunidad", "pk": 70, "fields": {"municipio": 3035, "nombre": "Los Balcones"}}, {"model": "lugar.comunidad", "pk": 71, "fields": {"municipio": 3040, "nombre": "Las Jolotas"}}, {"model": "lugar.comunidad", "pk": 72, "fields": {"municipio": 3035, "nombre": "El Rodeito"}}, {"model": "lugar.comunidad", "pk": 73, "fields": {"municipio": 3035, "nombre": "La pavana"}}, {"model": "lugar.comunidad", "pk": 74, "fields": {"municipio": 4055, "nombre": "Los Limones"}}, {"model": "lugar.comunidad", "pk": 75, "fields": {"municipio": 4035, "nombre": "Santa Lucia"}}, {"model": "lugar.comunidad", "pk": 76, "fields": {"municipio": 4035, "nombre": "Comarca La Reyna, sector Monte Grande"}}, {"model": "lugar.comunidad", "pk": 77, "fields": {"municipio": 4035, "nombre": "San Juan- Sabana Grande"}}, {"model": "lugar.comunidad", "pk": 78, "fields": {"municipio": 4035, "nombre": "El Horno No 2"}}, {"model": "lugar.comunidad", "pk": 79, "fields": {"municipio": 4035, "nombre": "Los Andes Yasica Sur"}}, {"model": "lugar.comunidad", "pk": 80, "fields": {"municipio": 4035, "nombre": "El Roslar"}}, {"model": "lugar.comunidad", "pk": 81, "fields": {"municipio": 4035, "nombre": "La Reyna"}}, {"model": "lugar.comunidad", "pk": 82, "fields": {"municipio": 4035, "nombre": "El Trentino"}}, {"model": "lugar.comunidad", "pk": 83, "fields": {"municipio": 4035, "nombre": "Mina Verde"}}, {"model": "lugar.comunidad", "pk": 84, "fields": {"municipio": 4035, "nombre": "El Roblar Yasica Sur"}}, {"model": "lugar.comunidad", "pk": 85, "fields": {"municipio": 4035, "nombre": "El canton"}}, {"model": "lugar.comunidad", "pk": 86, "fields": {"municipio": 4035, "nombre": "La Yosa Yasica Sur"}}, {"model": "lugar.comunidad", "pk": 87, "fields": {"municipio": 4035, "nombre": "Mil Bosque "}}, {"model": "lugar.comunidad", "pk": 89, "fields": {"municipio": 4035, "nombre": "Aldeas Los Cipres"}}, {"model": "lugar.comunidad", "pk": 90, "fields": {"municipio": 4035, "nombre": "yucul"}}, {"model": "lugar.comunidad", "pk": 91, "fields": {"municipio": 4040, "nombre": "Santa Cruz"}}, {"model": "lugar.comunidad", "pk": 92, "fields": {"municipio": 4040, "nombre": "Las Parcelas"}}, {"model": "lugar.comunidad", "pk": 93, "fields": {"municipio": 4035, "nombre": "San Pedro"}}, {"model": "lugar.comunidad", "pk": 94, "fields": {"municipio": 4040, "nombre": "El Jobo"}}, {"model": "lugar.comunidad", "pk": 95, "fields": {"municipio": 4040, "nombre": "El Jobo"}}, {"model": "lugar.comunidad", "pk": 96, "fields": {"municipio": 4040, "nombre": "Apantillo"}}, {"model": "lugar.comunidad", "pk": 97, "fields": {"municipio": 4045, "nombre": "Las Vegas"}}, {"model": "lugar.comunidad", "pk": 98, "fields": {"municipio": 4040, "nombre": "El Balsamo Matiguas"}}, {"model": "lugar.comunidad", "pk": 99, "fields": {"municipio": 4040, "nombre": "San jose de la mula"}}, {"model": "lugar.comunidad", "pk": 100, "fields": {"municipio": 4040, "nombre": "Cerro Colorado"}}, {"model": "lugar.comunidad", "pk": 101, "fields": {"municipio": 4040, "nombre": "Fila Grande"}}, {"model": "lugar.comunidad", "pk": 102, "fields": {"municipio": 4040, "nombre": "Sitio Historico"}}, {"model": "lugar.comunidad", "pk": 103, "fields": {"municipio": 4040, "nombre": "El Laberinto"}}, {"model": "lugar.comunidad", "pk": 104, "fields": {"municipio": 4035, "nombre": "Azancor"}}, {"model": "lugar.comunidad", "pk": 105, "fields": {"municipio": 4035, "nombre": "El Jinete"}}, {"model": "lugar.comunidad", "pk": 106, "fields": {"municipio": 4040, "nombre": "La Cuzuca"}}, {"model": "lugar.comunidad", "pk": 107, "fields": {"municipio": 4035, "nombre": "Guadalupe Arriba"}}, {"model": "lugar.comunidad", "pk": 108, "fields": {"municipio": 3045, "nombre": "Cinco Pino"}}, {"model": "lugar.comunidad", "pk": 109, "fields": {"municipio": 4005, "nombre": "Rosario"}}, {"model": "lugar.comunidad", "pk": 110, "fields": {"municipio": 4005, "nombre": "Rosario"}}, {"model": "lugar.comunidad", "pk": 111, "fields": {"municipio": 9130, "nombre": "Wasimito"}}, {"model": "lugar.comunidad", "pk": 112, "fields": {"municipio": 4005, "nombre": "La Inmaculada"}}, {"model": "lugar.comunidad", "pk": 113, "fields": {"municipio": 4005, "nombre": "El cacao"}}, {"model": "lugar.comunidad", "pk": 114, "fields": {"municipio": 4005, "nombre": "Rancho alegre"}}, {"model": "lugar.comunidad", "pk": 115, "fields": {"municipio": 4005, "nombre": "El Cortijo"}}, {"model": "lugar.comunidad", "pk": 116, "fields": {"municipio": 4005, "nombre": "Cerro Verde"}}, {"model": "lugar.comunidad", "pk": 117, "fields": {"municipio": 4030, "nombre": "Obraje"}}, {"model": "lugar.comunidad", "pk": 118, "fields": {"municipio": 4060, "nombre": "Puntizuela"}}, {"model": "lugar.comunidad", "pk": 119, "fields": {"municipio": 4050, "nombre": "Pita Arriba"}}, {"model": "lugar.comunidad", "pk": 120, "fields": {"municipio": 4055, "nombre": "Piedra Colorada- San Dionisio"}}, {"model": "lugar.comunidad", "pk": 121, "fields": {"municipio": 4005, "nombre": "Carmen N\u00ba 3- Rancho Grande"}}, {"model": "lugar.comunidad", "pk": 122, "fields": {"municipio": 4050, "nombre": "Pita Abajo"}}, {"model": "lugar.comunidad", "pk": 123, "fields": {"municipio": 3065, "nombre": "El Tanque"}}, {"model": "lugar.comunidad", "pk": 124, "fields": {"municipio": 3065, "nombre": "Rancheria"}}, {"model": "lugar.comunidad", "pk": 125, "fields": {"municipio": 3045, "nombre": "Mocoron"}}, {"model": "lugar.comunidad", "pk": 126, "fields": {"municipio": 3025, "nombre": "El Manguito"}}, {"model": "lugar.comunidad", "pk": 127, "fields": {"municipio": 3025, "nombre": "Pedro Altamirano"}}, {"model": "lugar.comunidad", "pk": 128, "fields": {"municipio": 3025, "nombre": "Buena Vista"}}, {"model": "lugar.comunidad", "pk": 129, "fields": {"municipio": 3065, "nombre": "Santa Maria"}}, {"model": "lugar.comunidad", "pk": 130, "fields": {"municipio": 4005, "nombre": "sixta lopez megia"}}, {"model": "lugar.comunidad", "pk": 131, "fields": {"municipio": 4005, "nombre": "Rancho grande"}}, {"model": "lugar.comunidad", "pk": 132, "fields": {"municipio": 2510, "nombre": "Darayl\u00ed"}}, {"model": "lugar.comunidad", "pk": 133, "fields": {"municipio": 2510, "nombre": "La Monta\u00f1ita"}}, {"model": "lugar.comunidad", "pk": 134, "fields": {"municipio": 2505, "nombre": "El llano"}}, {"model": "lugar.comunidad", "pk": 135, "fields": {"municipio": 2505, "nombre": "El Colorado"}}, {"model": "lugar.comunidad", "pk": 136, "fields": {"municipio": 560, "nombre": "Buena Vista de Ventilla"}}, {"model": "lugar.comunidad", "pk": 137, "fields": {"municipio": 560, "nombre": "Zacateras"}}, {"model": "lugar.comunidad", "pk": 138, "fields": {"municipio": 550, "nombre": "Apali Viejo"}}]